RunID,RunName,S_global,Disp,comp_str,comp_conn,R_max
1,TrackThroughTime,50,0.0027807184476405385,0.3101610479876399,0.01,10.4629793507047
